{"cameraMode":{"drawMode":0,"name":"Shaded","section":"Shading Mode"},"sceneLighting":false,"audioPlay":false,"sceneViewState":{"m_AlwaysRefresh":true,"showFog":true,"showSkybox":false,"showFlares":true,"showImageEffects":true,"showParticleSystems":true,"showVisualEffectGraphs":true,"m_FxEnabled":true},"in2DMode":false,"pivot":{"x":-0.10882671922445297,"y":0.5757005214691162,"z":-7.270214080810547},"rotation":{"x":-0.14058418571949006,"y":-0.0241131279617548,"z":0.0030730688013136389,"w":-0.9902927875518799},"size":1.4887473583221436,"orthographic":false}