{"cameraMode":{"drawMode":0,"name":"Shaded","section":"Shading Mode"},"sceneLighting":false,"audioPlay":false,"sceneViewState":{"m_AlwaysRefresh":true,"showFog":true,"showSkybox":false,"showFlares":true,"showImageEffects":true,"showParticleSystems":true,"showVisualEffectGraphs":true,"m_FxEnabled":true},"in2DMode":false,"pivot":{"x":3.8901000022888185,"y":-1.128999948501587,"z":-0.7079200148582459},"rotation":{"x":-0.011410001665353775,"y":-0.01350420992821455,"z":0.00018393648497294635,"w":-0.9999730587005615},"size":1.2315753698349,"orthographic":false}